<?xml version="1.0" encoding="UTF-8"?>
<root>
  <item name="cn.infrastructure.http.HttpLogInterceptor cn.infrastructure.http.HttpLogInterceptor setLevel(int) 0">
    <annotation name="android.support.annotation.IntDef">
      <val name="value" val="{cn.infrastructure.http.HttpLogInterceptor.NONE, cn.infrastructure.http.HttpLogInterceptor.BASIC, cn.infrastructure.http.HttpLogInterceptor.HEADERS, cn.infrastructure.http.HttpLogInterceptor.BODY}" />
    </annotation>
  </item>
  <item name="cn.infrastructure.http.HttpLogInterceptor level">
    <annotation name="android.support.annotation.IntDef">
      <val name="value" val="{cn.infrastructure.http.HttpLogInterceptor.NONE, cn.infrastructure.http.HttpLogInterceptor.BASIC, cn.infrastructure.http.HttpLogInterceptor.HEADERS, cn.infrastructure.http.HttpLogInterceptor.BODY}" />
    </annotation>
  </item>
  <item name="cn.infrastructure.http.HttpLogInterceptor.Level">
    <annotation name="android.support.annotation.IntDef">
      <val name="value" val="{cn.infrastructure.http.HttpLogInterceptor.NONE, cn.infrastructure.http.HttpLogInterceptor.BASIC, cn.infrastructure.http.HttpLogInterceptor.HEADERS, cn.infrastructure.http.HttpLogInterceptor.BODY}" />
    </annotation>
  </item>
</root>

