<?xml version="1.0" encoding="UTF-8"?>
<root>
  <item name="cn.infrastructure.http.HttpLoggingInterceptor cn.infrastructure.http.HttpLoggingInterceptor setLevel(int) 0">
    <annotation name="android.support.annotation.IntDef">
      <val name="value" val="{cn.infrastructure.http.HttpLoggingInterceptor.NONE, cn.infrastructure.http.HttpLoggingInterceptor.BASIC, cn.infrastructure.http.HttpLoggingInterceptor.HEADERS, cn.infrastructure.http.HttpLoggingInterceptor.BODY}" />
    </annotation>
  </item>
  <item name="cn.infrastructure.http.HttpLoggingInterceptor level">
    <annotation name="android.support.annotation.IntDef">
      <val name="value" val="{cn.infrastructure.http.HttpLoggingInterceptor.NONE, cn.infrastructure.http.HttpLoggingInterceptor.BASIC, cn.infrastructure.http.HttpLoggingInterceptor.HEADERS, cn.infrastructure.http.HttpLoggingInterceptor.BODY}" />
    </annotation>
  </item>
  <item name="cn.infrastructure.http.HttpLoggingInterceptor.Level">
    <annotation name="android.support.annotation.IntDef">
      <val name="value" val="{cn.infrastructure.http.HttpLoggingInterceptor.NONE, cn.infrastructure.http.HttpLoggingInterceptor.BASIC, cn.infrastructure.http.HttpLoggingInterceptor.HEADERS, cn.infrastructure.http.HttpLoggingInterceptor.BODY}" />
    </annotation>
  </item>
</root>

