<?xml version="1.0" encoding="UTF-8"?>
<root>
  <item name="frank.basis.http.HttpLogInterceptor frank.basis.http.HttpLogInterceptor setLevel(int) 0">
    <annotation name="android.support.annotation.IntDef">
      <val name="value" val="{frank.basis.http.HttpLogInterceptor.NONE, frank.basis.http.HttpLogInterceptor.BASIC, frank.basis.http.HttpLogInterceptor.HEADERS, frank.basis.http.HttpLogInterceptor.BODY}" />
    </annotation>
  </item>
  <item name="frank.basis.http.HttpLogInterceptor level">
    <annotation name="android.support.annotation.IntDef">
      <val name="value" val="{frank.basis.http.HttpLogInterceptor.NONE, frank.basis.http.HttpLogInterceptor.BASIC, frank.basis.http.HttpLogInterceptor.HEADERS, frank.basis.http.HttpLogInterceptor.BODY}" />
    </annotation>
  </item>
  <item name="frank.basis.http.HttpLogInterceptor.Level">
    <annotation name="android.support.annotation.IntDef">
      <val name="value" val="{frank.basis.http.HttpLogInterceptor.NONE, frank.basis.http.HttpLogInterceptor.BASIC, frank.basis.http.HttpLogInterceptor.HEADERS, frank.basis.http.HttpLogInterceptor.BODY}" />
    </annotation>
  </item>
</root>

